{
  "TEXT_SCM_BACKDOOR": {
    "true_do_x0": 0.28786,
    "true_do_x1": 0.71573,
    "backdoor_x0": 0.2901519766805779,
    "backdoor_x1": 0.7143993245083726,
    "naive_x0": 0.20984752223634054,
    "naive_x1": 0.7976695718075029,
    "max_abs_err_backdoor": 0.0022919766805779007,
    "max_abs_gap_naive": 0.08193957180750289,
    "min_gap_naive": 0.07801247776365947,
    "tol": 0.03
  },
  "TEXT_WORLD_MODEL_TRANSITION_L1": {
    "mean_l1": 0.012578289503613258,
    "samples": 32000,
    "threshold": 0.06
  },
  "TEXT_PLANNING_VI_EQUALS_BRUTE_FORCE": {
    "H": 3,
    "vi_return": 6.0,
    "bf_return": 6.0,
    "abs_return_diff": 0.0,
    "vi_policy_action_s0": 0,
    "bf_policy_action_s0": 0,
    "planning_world": "fact_mask_only_8_states"
  },
  "TEXT_SAFETY_CONSTRAINT_POLICY_SELECTED": {
    "mode": "feasible_best_return",
    "chosen_return": 0.0,
    "chosen_risk": 0.0,
    "chosen_action": 4,
    "opt_return": 1.3799377919999998,
    "opt_risk": 0.180006912,
    "epsilon": 0.12
  }
}